fieldID,fieldName,fieldType,defaultValue,secondaryValue,fieldDescription,minValue,maxValue,tab
cf_keybindsHeader,热键,Header,热键,,,,,
cf_openKeybind,呼出热键,Keycode,41,,按下该键呼出控制台前端面板（默认 ~ 键）。,,,
cf_holdCTRL,需要 Ctrl,Boolean,true,,是否要求同时按住 Ctrl。,,,
cf_holdSHIFT,需要 Shift,Boolean,false,,是否要求同时按住 Shift。,,,
cf_holdALT,需要 Alt,Boolean,false,,是否要求同时按住 Alt。,,,
cf_uiHeader,界面,Header,界面,,,,,
cf_panelWidthFraction,面板宽度占比,Double,0.8,,面板占屏幕宽度的比例。,0.4,1,
cf_backgroundDarkening,背景变暗,Double,0.875,,1 为全黑，0 为完全可见。,0,1,
cf_buttonColumns,按钮列数,Int,4,,每行按钮数量。,1,8,
cf_showUnavailable,显示当前不可用命令,Boolean,false,,开启后，当前场景不能执行的命令会灰显而非隐藏。,,,
cf_confirmDestructive,危险操作二次确认,Boolean,true,,执行被标记为危险的命令前弹出确认框。,,,
cf_showOutputLog,显示输出日志,Boolean,true,,在面板底部显示命令输出。,,,
cf_logLines,日志行数,Int,60,,日志区显示的行数。,10,200,
cf_rememberParams,记住参数设置,Boolean,true,,开启后，命令参数（如加金币的数量）会被保存并在下次使用时沿用。,,,
cf_idShowSourceMod,选择器显示来源 Mod,Boolean,true,,ID 选择器列表中是否显示每个条目的来源 Mod。,,,
cf_pickerPageSize,选择器每页条数,Int,40,,ID 选择器列表每页显示的行数。,10,100,
cf_useEnglishLabels,使用英文标签,Boolean,false,,中文标签显示为方块时开启（未安装中文字体时）。,,,
